cooling_ON,exterior_lighting_ON,fans_ON,heat_recovery_ON,heat_rejection_ON,heating_ON,interior_equipment_ON,interior_lighting_ON,pumps_ON,refrigeration_ON,water_systems_ON,id
1,1,1,0,0,1,1,1,1,0,0,73206
1,1,1,0,0,0,1,1,1,0,0,84687
1,1,1,0,1,0,1,1,1,1,1,148366
0,1,1,0,0,0,1,1,1,0,1,126539
0,1,0,0,0,1,1,1,1,0,1,23028
1,1,1,0,0,0,1,1,1,1,1,116299
1,1,1,0,0,0,1,1,1,1,1,122105
1,1,1,0,0,1,1,1,1,0,1,16125
0,1,1,0,0,0,1,1,1,0,0,111146
1,1,1,0,0,1,1,1,1,0,1,85511
0,1,0,0,0,1,1,1,1,0,1,89103
1,1,1,0,0,0,1,1,1,0,0,4379
1,1,1,0,0,0,1,1,1,0,1,17247
0,1,1,0,0,0,1,1,1,1,0,147467
1,1,1,0,0,1,1,1,1,0,1,92384
1,1,1,0,0,0,1,1,1,0,1,22273
1,1,1,0,0,1,1,1,1,1,1,138247
1,1,1,0,0,0,1,1,1,1,1,94994
1,1,1,0,0,0,1,1,1,0,1,5305
1,1,1,0,0,1,1,1,1,1,1,18649
1,1,1,0,1,0,1,1,1,0,0,45379
1,1,1,0,0,1,1,1,1,1,1,68611
0,1,1,0,0,0,1,1,1,0,1,2075
1,1,1,0,0,0,1,1,1,1,1,87883
1,1,1,0,0,1,1,1,1,0,1,84819
1,1,1,0,0,1,1,1,1,0,1,35273
0,1,1,0,0,0,1,1,1,0,1,126170
1,1,1,0,0,1,1,1,1,0,1,98792
0,1,1,0,0,0,1,1,1,0,1,112901
1,1,1,0,0,1,1,1,1,1,1,101909
1,1,1,0,0,1,1,1,1,0,0,37005
0,1,1,0,0,0,1,1,1,1,0,94780
1,1,1,0,0,1,1,1,1,0,1,23044
1,1,1,0,0,1,1,1,1,0,1,62967
0,1,0,0,0,1,1,1,1,0,1,98091
1,1,1,0,1,0,1,1,1,1,1,71632
1,1,1,0,0,0,1,1,1,1,1,119445
1,1,1,0,0,1,1,1,1,0,1,19913
1,1,1,0,0,1,1,1,1,0,1,115157
1,1,1,0,0,1,1,1,1,0,1,94567
0,1,0,0,0,1,1,1,1,0,1,89110
1,1,1,0,0,0,1,1,1,0,1,42310
1,1,1,0,0,1,1,1,1,0,1,89310
1,1,1,0,0,0,1,1,1,1,1,82890
1,1,1,0,0,1,1,1,1,1,1,25247
0,1,0,0,0,1,1,1,1,0,1,46382
1,1,1,0,0,0,1,1,1,0,1,134508
1,1,1,0,0,1,1,1,1,0,1,26305
1,1,1,0,1,0,1,1,1,0,0,36730
0,1,0,0,0,1,1,1,1,0,1,4544
1,1,1,0,0,1,1,1,1,0,1,29229
1,1,1,0,0,0,1,1,1,0,1,23942
1,1,1,0,0,1,1,1,1,1,1,127192
1,1,1,0,1,0,1,1,1,0,0,88794
1,1,1,0,0,1,1,1,1,1,1,11831
1,1,1,0,0,0,1,1,1,1,0,11099
1,1,1,0,0,0,1,1,1,1,1,104125
1,1,1,0,0,1,1,1,1,0,1,108317
1,1,1,0,0,1,1,1,1,1,1,75693
1,1,1,0,0,0,1,1,1,0,1,121487
1,1,1,0,0,0,1,1,1,1,1,24035
1,1,1,0,0,1,1,1,1,0,1,107176
0,1,1,0,0,0,1,1,1,0,1,44052
0,1,1,0,0,0,1,1,1,0,0,59242
1,1,1,0,0,1,1,1,1,1,1,102783
1,1,1,0,0,1,1,1,1,1,1,76550
1,1,1,0,0,0,1,1,1,0,0,79039
0,1,1,0,0,0,1,1,1,1,0,81385
1,1,1,0,0,0,1,1,1,1,1,139166
0,1,0,0,0,1,1,1,1,0,1,89896
1,1,1,0,0,1,1,1,1,0,1,37148
1,1,1,0,0,0,1,1,1,1,1,64795
1,1,1,0,0,0,1,1,1,0,1,130653
1,1,1,0,0,1,1,1,1,0,0,78168
1,1,1,0,0,0,1,1,1,0,1,11884
1,1,1,0,0,1,1,1,1,0,1,69577
1,1,1,0,0,0,1,1,1,1,1,48580
1,1,1,0,0,0,1,1,1,0,0,103965
1,1,1,0,0,1,1,1,1,0,1,64335
1,1,1,0,0,0,1,1,1,0,0,91824
1,1,1,0,0,0,1,1,1,0,1,86963
1,1,1,0,1,1,1,1,1,0,1,122618
0,1,0,0,0,1,1,1,1,0,1,32127
1,1,1,0,0,0,1,1,1,1,1,100177
1,1,1,0,0,0,1,1,1,0,0,65217
1,1,1,0,0,1,1,1,1,0,1,30050
1,1,1,0,0,0,1,1,1,1,1,65362
0,1,1,0,0,0,1,1,1,0,0,119807
1,1,1,0,0,1,1,1,1,0,1,83107
0,1,0,0,0,1,1,1,1,0,1,122372
1,1,1,0,0,0,1,1,1,0,0,119347
0,1,1,0,0,0,1,1,1,0,0,43625
1,1,1,0,0,1,1,1,1,0,1,92122
1,1,1,0,0,1,1,1,1,0,1,122990
0,1,1,0,0,0,1,1,1,1,1,75007
0,1,1,0,0,0,1,1,1,0,0,98928
1,1,1,0,0,1,1,1,1,0,1,73472
1,1,1,0,0,1,1,1,1,0,0,73025
1,1,1,0,0,1,1,1,1,0,1,31234
0,1,1,0,0,0,1,1,1,1,1,97417
1,1,1,0,1,0,1,1,1,0,1,95193
1,1,1,0,0,1,1,1,1,0,1,66091
0,1,1,0,0,1,1,1,1,0,1,117146
1,1,1,0,1,0,1,1,1,0,0,82837
1,1,1,0,1,0,1,1,1,0,0,134241
0,1,0,0,0,0,1,1,1,0,0,83826
1,1,1,0,0,1,1,1,1,1,1,76936
0,1,1,0,0,0,1,1,1,0,1,104436
1,1,1,0,0,0,1,1,1,0,0,103721
1,1,1,0,0,0,1,1,1,0,0,106586
1,1,1,0,1,0,1,1,1,0,0,84935
1,1,1,0,0,0,1,1,1,0,1,66670
1,1,1,0,1,0,1,1,1,0,0,28294
1,1,1,0,0,1,1,1,1,0,1,14349
1,1,1,0,0,0,1,1,1,0,1,103722
0,1,1,0,0,0,1,1,1,0,0,20461
0,1,1,0,0,0,1,1,1,0,0,125872
0,1,0,0,0,1,1,1,1,0,1,55092
1,1,1,0,1,0,1,1,1,1,1,70317
0,1,1,0,0,0,1,1,1,1,0,140832
1,1,1,0,0,0,1,1,1,0,0,38087
1,1,1,0,0,1,1,1,1,0,1,68516
1,1,1,0,0,1,1,1,1,1,1,62408
1,1,1,0,0,0,1,1,1,0,1,8774
0,1,1,0,0,0,1,1,1,0,0,60656
0,1,1,0,0,0,1,1,1,0,1,44053
1,1,1,0,0,0,1,1,1,1,0,143290
0,1,1,0,0,0,1,1,1,1,1,87735
0,1,0,0,0,1,1,1,1,0,1,30123
1,1,1,0,0,0,1,1,1,0,1,3155
1,1,1,0,0,1,1,1,1,0,1,25046
1,1,1,0,0,1,1,1,1,0,1,28243
1,1,1,0,0,1,1,1,1,0,1,45159
1,1,1,0,0,1,1,1,1,1,1,105373
1,1,1,0,0,0,1,1,1,0,0,135023
0,1,0,0,0,1,1,1,1,0,1,43388
1,1,1,0,0,1,1,1,1,0,1,88182
1,1,1,0,1,1,1,1,1,0,1,57794
1,1,1,0,0,1,1,1,1,1,1,105304
0,1,1,0,0,0,1,1,1,0,1,55871
0,1,1,0,0,0,1,1,1,0,1,130199
1,1,1,0,1,1,1,1,1,0,1,142219
1,1,1,0,0,1,1,1,1,1,1,102971
1,1,1,0,0,1,1,1,1,1,1,76941
1,1,1,0,0,1,1,1,1,0,1,88260
1,1,1,0,0,1,1,1,1,0,1,58951
0,1,1,0,0,0,1,1,1,1,1,88286
1,1,1,0,0,0,1,1,1,1,0,69203
1,1,1,0,1,0,1,1,1,1,1,125786
1,1,1,0,0,0,1,1,1,0,0,114807
0,1,0,0,0,0,1,1,1,0,0,10781
1,1,1,0,0,0,1,1,1,1,1,64685
1,1,1,0,0,0,1,1,1,0,0,35622
1,1,1,0,1,0,1,1,1,1,1,133435
1,1,1,0,0,1,1,1,1,0,1,81201
1,1,1,0,1,0,1,1,1,1,1,136866
0,1,1,0,0,0,1,1,1,0,1,57642
0,1,1,0,0,0,1,1,1,1,1,132577
1,1,1,0,1,0,1,1,1,1,1,68391
1,1,1,0,0,1,1,1,1,1,0,133448
0,1,1,0,0,0,1,1,1,0,1,53814
1,1,1,0,0,1,1,1,1,0,1,86408
1,1,1,0,0,1,1,1,1,1,1,81478
0,1,1,0,0,0,1,1,1,1,1,87646
1,1,1,0,0,1,1,1,1,0,1,125266
1,1,1,0,0,0,1,1,1,0,0,8335
1,1,1,0,0,0,1,1,1,0,0,131369
1,1,1,0,0,0,1,1,1,0,1,20566
0,1,0,0,0,0,1,1,1,0,1,5005
1,1,1,0,0,0,1,1,1,1,1,96773
0,1,1,0,0,0,1,1,1,0,0,117840
1,1,1,0,1,0,1,1,1,0,1,55362
0,1,1,0,0,0,1,1,1,1,1,75004
1,1,1,0,0,0,1,1,1,0,1,43556
1,1,1,0,0,1,1,1,1,1,1,113265
1,1,1,0,0,1,1,1,1,0,1,57013
1,1,1,0,0,1,1,1,1,1,1,79284
1,1,1,0,0,0,1,1,1,1,1,6777
1,1,1,0,0,0,1,1,1,0,1,5848
1,1,1,0,0,0,1,1,1,0,0,62316
1,1,1,0,1,0,1,1,1,1,1,91940
0,1,0,0,0,0,1,1,1,0,0,25723
1,1,1,0,0,1,1,1,1,1,1,75158
0,1,1,0,0,0,1,1,1,1,1,121865
0,1,1,0,0,0,1,1,1,0,0,80287
0,1,0,0,0,0,1,1,1,0,0,58173
1,1,1,0,0,1,1,1,1,0,1,114824
0,1,1,0,0,0,1,1,1,1,1,103239
1,1,1,0,1,0,1,1,1,0,0,80379
1,1,1,0,0,0,1,1,1,0,1,121537
0,1,1,0,0,0,1,1,1,0,0,119932
1,1,1,0,0,1,1,1,1,0,1,121282
1,1,1,0,0,1,1,1,1,0,1,70821
1,1,1,0,0,1,1,1,1,0,1,100428
1,1,1,0,0,0,1,1,1,1,0,64155
0,1,1,0,0,0,1,1,1,0,1,39153
1,1,1,0,0,1,1,1,1,1,0,71156
1,1,1,0,1,1,1,1,1,0,1,37850
1,1,1,0,0,0,1,1,1,0,0,23609
1,1,1,0,0,0,1,1,1,0,0,63217
0,1,1,0,0,0,1,1,1,0,1,87994
1,1,1,0,0,1,1,1,1,0,1,15952
0,1,0,0,0,1,1,1,1,0,0,23018
0,1,1,0,0,0,1,1,1,1,1,103592
1,1,1,0,0,0,1,1,1,1,0,130339
1,1,1,0,0,0,1,1,1,0,0,109409
1,1,1,0,0,0,1,1,1,0,0,5311
1,1,1,0,0,1,1,1,1,1,1,40199
1,1,1,0,0,1,1,1,1,0,1,15957
1,1,1,0,0,0,1,1,1,0,1,14530
1,1,1,0,0,1,1,1,1,1,1,73456
1,1,1,0,0,1,1,1,1,0,1,40550
1,1,1,0,1,0,1,1,1,0,1,105523
0,1,0,0,0,1,1,1,1,0,1,4545
1,1,1,0,0,1,1,1,1,0,0,55795
1,1,1,0,0,1,1,1,1,1,1,115465
1,1,1,0,0,1,1,1,1,0,1,92301
1,1,1,0,0,0,1,1,1,1,1,101509
1,1,1,0,0,1,1,1,1,0,1,121276
1,1,1,0,0,0,1,1,1,0,0,37334
1,1,1,0,0,1,1,1,1,0,1,14622
1,1,1,0,0,0,1,1,1,1,1,58733
1,1,1,0,0,1,1,1,1,0,0,45596
0,1,0,0,0,1,1,1,1,0,1,14679
1,1,1,0,0,0,1,1,1,1,1,96483
1,1,1,0,0,1,1,1,1,1,1,96634
1,1,1,0,1,0,1,1,1,1,1,119077
1,1,1,0,1,0,1,1,1,0,0,71483
1,1,1,0,0,0,1,1,1,1,1,116850
1,1,1,0,0,1,1,1,1,1,1,127456
1,1,1,0,0,0,1,1,1,0,0,84684
1,1,1,0,0,1,1,1,1,0,1,78989
1,1,1,0,0,0,1,1,1,0,1,24944
1,1,1,0,0,1,1,1,1,1,1,115466
1,1,1,0,0,1,1,1,1,0,1,82247
0,1,1,0,0,0,1,1,1,1,1,129061
1,1,1,0,0,0,1,1,1,1,1,83417
1,1,1,0,0,0,1,1,1,0,1,436
1,1,1,0,0,1,1,1,1,0,1,55640
1,1,1,0,0,1,1,1,1,0,1,19764
0,1,1,0,0,0,1,1,1,0,0,32389
1,1,1,0,0,1,1,1,1,0,1,88546
1,1,1,0,0,1,1,1,1,0,1,88463
1,1,1,0,1,0,1,1,1,1,1,73060
1,1,1,0,0,1,1,1,1,0,1,89317
1,1,1,0,1,0,1,1,1,1,1,102540
0,1,0,0,0,0,1,1,1,0,0,76433
1,1,1,0,1,0,1,1,1,1,1,109018
0,1,1,0,0,0,1,1,1,0,0,74893
1,1,1,0,1,0,1,1,1,1,1,125792
1,1,1,0,0,0,1,1,1,0,1,22267
1,1,1,0,0,1,1,1,1,0,1,118177
1,1,1,0,0,1,1,1,1,1,1,115135
1,1,1,0,0,1,1,1,1,0,1,7439
1,1,1,0,1,1,1,1,1,0,1,27675
0,1,0,0,0,0,1,1,1,0,1,25719
1,1,1,0,1,1,1,1,1,0,1,39066
1,1,1,0,0,1,1,1,1,0,1,122461
0,1,0,0,0,1,1,1,1,0,1,54822
1,1,1,0,0,1,1,1,1,0,1,137075
1,1,1,0,0,0,1,1,1,0,1,44561
0,1,0,0,0,1,1,1,1,0,1,32123
0,1,0,0,0,1,1,1,1,0,1,11357
1,1,1,0,0,0,1,1,1,0,1,23615
1,1,1,0,0,1,1,1,1,1,1,105277
0,1,1,0,0,1,1,1,1,1,1,121185
1,1,1,0,0,1,1,1,1,0,1,23876
1,1,1,0,0,0,1,1,1,0,0,68506
1,1,1,0,0,0,1,1,1,0,0,43345
1,1,1,0,0,1,1,1,1,1,1,131523
1,1,1,0,0,0,1,1,1,0,0,37519
1,1,1,0,0,0,1,1,1,1,1,86666
1,1,1,0,0,1,1,1,1,0,0,3466
1,1,1,0,0,1,1,1,1,0,1,69703
1,1,1,0,0,0,1,1,1,1,0,65461
1,1,1,0,1,1,1,1,1,0,1,93852
1,1,1,0,1,0,1,1,1,1,1,45778
1,1,1,0,0,1,1,1,1,1,1,122723
0,1,1,0,0,0,1,1,1,0,1,134496
1,1,1,0,0,1,1,1,1,1,1,101663
1,1,1,0,0,0,1,1,1,0,0,32777
1,1,1,0,0,0,1,1,1,0,0,20232
1,1,1,0,0,0,1,1,1,0,1,19933
1,1,1,0,0,1,1,1,1,1,1,111650
1,1,1,0,0,1,1,1,1,0,1,88464
0,1,0,0,0,0,1,1,1,0,1,98696
1,1,1,0,1,0,1,1,1,0,0,97775
0,1,1,0,0,0,1,1,1,0,1,133055
0,1,1,0,0,0,1,1,1,0,0,125870
0,1,1,0,0,0,1,1,1,1,0,94786
0,1,0,0,0,1,1,1,1,0,1,45086
1,1,1,0,0,1,1,1,1,0,1,10064
1,1,1,0,0,1,1,1,1,0,1,77287
1,1,1,0,0,1,1,1,1,1,1,77935
1,1,1,0,0,0,1,1,1,0,1,18000
1,1,1,0,0,0,1,1,1,1,1,102859
0,1,1,0,0,0,1,1,1,0,0,33387
1,1,1,0,1,0,1,1,1,0,0,109890
1,1,1,0,0,1,1,1,1,0,1,104404
1,1,1,0,0,0,1,1,1,0,0,119497
1,1,1,0,0,1,1,1,1,1,0,133443
1,1,1,0,0,0,1,1,1,1,0,10174
0,1,1,0,0,0,1,1,1,0,0,33273
1,1,1,0,0,1,1,1,1,1,1,83841
0,1,0,0,0,1,1,1,1,0,1,13421
1,1,1,0,0,1,1,1,1,1,0,69210
1,1,1,0,0,0,1,1,1,1,0,148063
0,1,1,0,0,0,1,1,1,0,0,148886
0,1,1,0,0,0,1,1,1,0,1,35964
1,1,1,0,0,1,1,1,1,1,1,16705
1,1,1,0,0,1,1,1,1,0,1,105003
1,1,1,0,0,0,1,1,1,0,1,17479
1,1,1,0,0,0,1,1,1,0,1,91825
1,1,1,0,1,0,1,1,1,1,1,61169
1,1,1,0,0,1,1,1,1,1,1,70981
1,1,1,0,1,0,1,1,1,0,0,103206
1,1,1,0,1,0,1,1,1,0,0,64964
1,1,1,0,0,0,1,1,1,0,1,107691
0,1,1,0,0,0,1,1,1,0,0,116743
1,1,1,0,1,0,1,1,1,1,1,63150
1,1,1,0,0,1,1,1,1,1,1,127279
0,1,1,0,0,0,1,1,1,1,1,98221
1,1,1,0,0,1,1,1,1,0,1,97608
1,1,1,0,0,0,1,1,1,1,1,126550
0,1,1,0,0,0,1,1,1,1,1,127237
1,1,1,0,0,0,1,1,1,0,1,5843
1,1,1,0,0,1,1,1,1,0,1,64334
1,1,1,0,0,1,1,1,1,1,1,39367
1,1,1,0,1,0,1,1,1,0,1,37113
1,1,1,0,0,1,1,1,1,1,1,71018
0,1,0,0,0,1,1,1,1,0,1,55095
1,1,1,0,0,0,1,1,1,1,1,14373
1,1,1,0,0,0,1,1,1,0,0,94023
0,1,1,0,0,0,1,1,1,1,0,133612
0,1,0,0,0,1,1,1,1,0,1,95075
1,1,1,0,0,1,1,1,1,0,1,66605
1,1,1,0,0,0,1,1,1,0,1,24941
0,1,0,0,0,1,1,1,1,0,1,53382
0,1,1,0,0,0,1,1,1,0,0,104442
1,1,1,0,0,0,1,1,1,0,0,135755
1,1,1,0,0,0,1,1,1,1,1,147154
1,1,1,0,1,0,1,1,1,0,0,53188
0,1,0,0,0,1,1,1,1,0,1,26084
1,1,1,0,0,0,1,1,1,0,0,106582
1,1,1,0,0,1,1,1,1,0,1,22014
1,1,1,0,0,0,1,1,1,0,1,41910
1,1,1,0,0,0,1,1,1,0,0,60993
0,1,0,0,0,1,1,1,1,0,1,57434
0,1,1,0,0,0,1,1,1,1,0,83357
1,1,1,0,0,1,1,1,1,1,1,45100
1,1,1,0,0,0,1,1,1,1,0,145363
1,1,1,0,0,1,1,1,1,0,1,61252
1,1,1,0,0,0,1,1,1,0,1,45406
1,1,1,0,0,1,1,1,1,0,1,26984
1,1,1,0,0,0,1,1,1,0,0,43347
1,1,1,0,0,1,1,1,1,0,1,53561
1,1,1,0,0,1,1,1,1,0,1,58952
1,1,1,0,0,0,1,1,1,0,0,87684
1,1,1,0,0,1,1,1,1,0,1,24434
0,1,1,0,0,0,1,1,1,0,1,118048
1,1,1,0,0,1,1,1,1,0,1,139079
0,1,1,0,0,0,1,1,1,0,0,115470
1,1,1,0,0,1,1,1,1,1,1,11826
1,1,1,0,0,1,1,1,1,0,1,16602
1,1,1,0,0,0,1,1,1,0,0,107224
1,1,1,0,0,0,1,1,1,0,0,24782
1,1,1,0,0,0,1,1,1,0,0,16859
1,1,1,0,0,0,1,1,1,0,0,38350
0,1,0,0,0,1,1,1,1,0,1,22819
1,1,1,0,0,0,1,1,1,1,1,60593
1,1,1,0,0,0,1,1,1,0,0,143514
0,1,0,0,0,1,1,1,1,0,1,25473
0,1,0,0,0,1,1,1,1,0,1,6852
1,1,1,0,0,0,1,1,1,1,1,97238
1,1,1,0,1,1,1,1,1,0,1,54559
0,1,1,0,0,0,1,1,1,0,0,2625
1,1,1,0,1,1,1,1,1,0,1,59744
1,1,1,0,0,0,1,1,1,0,1,103972
1,1,1,0,1,0,1,1,1,1,0,111778
1,1,1,0,0,0,1,1,1,0,1,85657
0,1,0,0,0,1,1,1,1,0,1,4444
1,1,1,0,0,1,1,1,1,0,1,105006
0,1,0,0,0,1,1,1,1,0,1,35721
0,1,1,0,0,0,1,1,1,0,0,126168
1,1,1,0,0,1,1,1,1,0,1,95361
1,1,1,0,1,0,1,1,1,1,1,148580
1,1,1,0,0,1,1,1,1,0,1,143095
0,1,1,0,0,0,1,1,1,0,0,126205
1,1,1,0,0,1,1,1,1,0,1,14418
1,1,1,0,0,1,1,1,1,1,1,104218
1,1,1,0,1,1,1,1,1,0,1,87303
1,1,1,0,1,1,1,1,1,0,1,37848
1,1,1,0,0,1,1,1,1,0,1,51801
1,1,1,0,0,1,1,1,1,1,1,60163
1,1,1,0,1,1,1,1,1,0,1,37841
1,1,1,0,0,0,1,1,1,0,0,11855
1,1,1,0,0,0,1,1,1,1,1,49605
0,1,1,0,0,0,1,1,1,0,1,50485
1,1,1,0,0,0,1,1,1,0,1,12441
1,1,1,0,0,0,1,1,1,0,0,6497
1,1,1,0,0,0,1,1,1,0,0,21532
1,1,1,0,0,0,1,1,1,0,1,20502
1,1,1,0,0,1,1,1,1,0,1,78982
1,1,1,0,1,0,1,1,1,1,1,68275
0,1,1,0,0,0,1,1,1,0,0,103265
1,1,1,0,0,1,1,1,1,1,1,118797
1,1,1,0,0,0,1,1,1,0,1,134287
1,1,1,0,0,0,1,1,1,0,0,18002
1,1,1,0,0,1,1,1,1,0,1,68510
0,1,1,0,0,0,1,1,1,1,0,109427
0,1,1,0,0,0,1,1,1,1,1,99755
0,1,1,0,0,0,1,1,1,0,0,43146
1,1,1,0,0,0,1,1,1,0,0,108908
1,1,1,0,0,1,1,1,1,1,1,107009
0,1,1,0,0,0,1,1,1,0,1,51622
1,1,1,0,0,0,1,1,1,1,1,4331
0,1,0,0,0,1,1,1,1,0,1,18863
1,1,1,0,0,1,1,1,1,1,1,40760
0,1,1,0,0,0,1,1,1,1,0,117866
0,1,1,0,0,0,1,1,1,0,1,118208
1,1,1,0,0,0,1,1,1,0,1,93
1,1,1,0,0,1,1,1,1,0,1,113735
1,1,1,0,0,0,1,1,1,0,1,29259
0,1,0,0,0,1,1,1,1,0,1,26877
1,1,1,0,0,1,1,1,1,0,1,120958
1,1,1,0,0,0,1,1,1,1,1,101515
1,1,1,0,0,0,1,1,1,1,1,58258
1,1,1,0,1,0,1,1,1,0,0,34219
1,1,1,0,1,0,1,1,1,1,1,124977
1,1,1,0,0,0,1,1,1,1,1,97240
0,1,1,0,0,0,1,1,1,0,0,51657
1,1,1,0,0,1,1,1,1,1,0,126611
1,1,1,0,0,1,1,1,1,0,0,64247
1,1,1,0,0,0,1,1,1,1,1,43027
1,1,1,0,1,0,1,1,1,0,1,77531
1,1,1,0,0,0,1,1,1,1,1,93492
1,1,1,0,0,1,1,1,1,0,1,104430
0,1,1,0,0,0,1,1,1,0,0,2922
1,1,1,0,0,0,1,1,1,0,1,19064
1,1,1,0,0,1,1,1,1,1,1,105370
0,1,0,0,0,1,1,1,1,0,1,83558
1,1,1,0,1,0,1,1,1,0,0,70381
0,1,0,0,0,1,1,1,1,0,1,60389
1,1,1,0,1,1,1,1,1,0,1,87304
0,1,0,0,0,1,1,1,1,0,1,52255
1,1,1,0,1,0,1,1,1,0,0,51207
0,1,1,0,0,0,1,1,1,0,1,43152
1,1,1,0,1,0,1,1,1,1,0,111781
1,1,1,0,0,0,1,1,1,1,1,67067
1,1,1,0,1,0,1,1,1,1,1,76029
0,1,0,0,0,1,1,1,1,0,1,67914
1,1,1,0,1,1,1,1,1,0,1,33380
1,1,1,0,1,0,1,1,1,1,1,73058
1,1,1,0,0,0,1,1,1,1,1,40838
0,1,0,0,0,0,1,1,1,0,1,30479
1,1,1,0,0,0,1,1,1,0,1,94188
1,1,1,0,0,0,1,1,1,1,1,15871
1,1,1,0,0,1,1,1,1,1,1,76560
1,1,1,0,0,0,1,1,1,1,1,95431
0,1,1,0,0,0,1,1,1,1,1,69226
1,1,1,0,0,0,1,1,1,0,0,19473
1,1,1,0,0,1,1,1,1,1,1,35816
0,1,0,0,0,1,1,1,1,0,1,12146
0,1,1,0,0,0,1,1,1,1,1,148707
0,1,0,0,0,0,1,1,1,0,0,10782
0,1,1,0,0,0,1,1,1,1,1,114294
1,1,1,0,1,0,1,1,1,0,1,95999
1,1,1,0,0,1,1,1,1,0,1,51259
1,1,1,0,0,0,1,1,1,1,1,34972
1,1,1,0,1,0,1,1,1,0,0,22966
1,1,1,0,0,0,1,1,1,0,1,89565
1,1,1,0,0,1,1,1,1,0,1,115110
1,1,1,0,0,1,1,1,1,0,1,117439
1,1,1,0,0,0,1,1,1,0,0,33121
1,1,1,0,0,0,1,1,1,0,0,34460
0,1,1,0,0,0,1,1,1,0,1,124576
0,1,0,0,0,1,1,1,1,0,1,53078
1,1,1,0,0,1,1,1,1,1,1,111400
0,1,0,0,0,0,1,1,1,0,1,5003
0,1,0,0,0,1,1,1,1,0,1,7001
1,1,1,0,0,1,1,1,1,1,1,120014
1,1,1,0,0,1,1,1,1,0,1,49429
1,1,1,0,0,0,1,1,1,0,0,31401
0,1,1,0,0,0,1,1,1,0,0,59246
1,1,1,0,0,1,1,1,1,0,0,21631
1,1,1,0,0,1,1,1,1,0,1,131685
1,1,1,0,0,1,1,1,1,1,1,42112
1,1,1,0,0,0,1,1,1,0,1,9670
1,1,1,0,0,1,1,1,1,0,1,44914
1,1,1,0,0,1,1,1,1,0,1,16608
0,1,0,0,0,1,1,1,1,0,1,95077
1,1,1,0,0,0,1,1,1,0,1,22335
1,1,1,0,0,1,1,1,1,1,1,81481
1,1,1,0,0,1,1,1,1,0,1,10059
1,1,1,0,0,0,1,1,1,1,1,20969
1,1,1,0,0,0,1,1,1,0,1,134929
1,1,1,0,1,0,1,1,1,1,1,139244
1,1,1,0,0,1,1,1,1,0,0,105004
1,1,1,0,0,1,1,1,1,0,1,45756
0,1,1,0,0,0,1,1,1,0,0,76430
0,1,1,0,0,0,1,1,1,0,1,39152
1,1,1,0,0,1,1,1,1,1,1,127608
1,1,1,0,0,0,1,1,1,0,0,91803
1,1,1,0,0,1,1,1,1,0,1,23036
1,1,1,0,0,0,1,1,1,1,1,100175
0,1,1,0,0,0,1,1,1,1,1,89698
1,1,1,0,0,1,1,1,1,0,1,70359
1,1,1,0,0,1,1,1,1,1,1,110567
0,1,0,0,0,1,1,1,1,0,1,4546
0,1,1,0,0,0,1,1,1,0,1,47150
1,1,1,0,0,0,1,1,1,1,1,64827
1,1,1,0,1,1,1,1,1,0,0,125078
1,1,1,0,0,1,1,1,1,1,1,110336
1,1,1,0,0,0,1,1,1,1,1,134646
1,1,1,0,0,1,1,1,1,0,1,113513
1,1,1,0,0,1,1,1,1,0,1,40987
1,1,1,0,0,1,1,1,1,0,1,43997
1,1,1,0,0,1,1,1,1,0,1,24246
0,1,1,0,0,0,1,1,1,0,1,85239
1,1,1,0,0,1,1,1,1,0,0,46030
1,1,1,0,0,1,1,1,1,1,1,47737
1,1,1,0,0,0,1,1,1,1,1,107964
1,1,1,0,0,1,1,1,1,1,1,104222
1,1,1,0,0,0,1,1,1,1,1,102858
1,1,1,0,0,1,1,1,1,0,1,66598
1,1,1,0,0,0,1,1,1,1,1,92963
1,1,1,0,1,0,1,1,1,0,0,109621
1,1,1,0,0,0,1,1,1,0,0,35927
1,1,1,0,0,1,1,1,1,0,1,117718
1,1,1,0,0,1,1,1,1,0,0,90564
1,1,1,0,0,0,1,1,1,0,0,61994
1,1,1,0,1,0,1,1,1,1,1,77862
1,1,1,0,0,1,1,1,1,0,1,117722
1,1,1,0,0,1,1,1,1,0,1,69966
0,1,0,0,0,1,1,1,1,0,1,53431
1,1,1,0,0,1,1,1,1,1,1,105279
0,1,1,0,0,0,1,1,1,0,1,65129
1,1,1,0,0,0,1,1,1,1,1,107963
0,1,0,0,0,1,1,1,1,0,1,6935
1,1,1,0,0,0,1,1,1,0,1,79042
0,1,1,0,0,0,1,1,1,1,1,81206
0,1,1,0,0,0,1,1,1,1,1,75000
0,1,1,0,0,0,1,1,1,0,1,52154
0,1,1,0,0,0,1,1,1,1,0,98227
1,1,1,0,0,0,1,1,1,0,0,108832
0,1,1,0,0,0,1,1,1,0,1,19407
1,1,1,0,0,0,1,1,1,1,1,113157
1,1,1,0,0,1,1,1,1,0,0,15741
1,1,1,0,1,0,1,1,1,0,0,45879
0,1,0,0,0,1,1,1,1,0,1,22068
1,1,1,0,0,0,1,1,1,0,1,15086
1,1,1,0,0,1,1,1,1,0,0,55506
1,1,1,0,0,0,1,1,1,1,1,89800
1,1,1,0,0,1,1,1,1,1,1,127926
1,1,1,0,0,0,1,1,1,0,1,12436
1,1,1,0,0,0,1,1,1,0,1,289
0,1,1,0,0,0,1,1,1,0,1,92933
1,1,1,0,0,1,1,1,1,1,1,100533
1,1,1,0,0,1,1,1,1,0,1,38800
1,1,1,0,0,1,1,1,1,0,1,109091
1,1,1,0,0,1,1,1,1,1,1,118877
1,1,1,0,0,0,1,1,1,0,0,9431
1,1,1,0,0,1,1,1,1,1,1,30264
0,1,1,0,0,0,1,1,1,1,1,97419
1,1,1,0,0,0,1,1,1,0,0,95607
1,1,1,0,0,0,1,1,1,0,0,9172
1,1,1,0,1,0,1,1,1,1,1,45776
1,1,1,0,1,0,1,1,1,0,0,145655
1,1,1,0,0,0,1,1,1,1,1,100263
1,1,1,0,0,0,1,1,1,0,0,50086
1,1,1,0,0,0,1,1,1,0,1,56263
0,1,0,0,0,1,1,1,1,0,1,32072
1,1,1,0,0,1,1,1,1,0,1,63591
1,1,1,0,0,1,1,1,1,0,1,49674
0,1,1,0,0,0,1,1,1,0,0,31261
1,1,1,0,0,1,1,1,1,1,1,102498
1,1,1,0,0,1,1,1,1,1,1,102967
1,1,1,0,0,0,1,1,1,1,1,55307
1,1,1,0,0,1,1,1,1,0,1,127865
1,1,1,0,0,1,1,1,1,1,1,92904
1,1,1,0,0,1,1,1,1,0,1,51252
1,1,1,0,0,1,1,1,1,0,1,55500
1,1,1,0,0,1,1,1,1,0,0,19915
1,1,1,0,0,0,1,1,1,1,1,22556
1,1,1,0,0,1,1,1,1,1,1,116168
1,1,1,0,1,1,1,1,1,0,1,142217
1,1,1,0,0,1,1,1,1,0,1,95981
1,1,1,0,1,0,1,1,1,1,1,40263
1,1,1,0,0,1,1,1,1,0,1,72840
1,1,1,0,0,1,1,1,1,1,1,92742
1,1,1,0,0,1,1,1,1,0,1,16052
1,1,1,0,0,1,1,1,1,1,0,104801
1,1,1,0,0,1,1,1,1,0,1,57622
0,1,1,0,0,0,1,1,1,1,1,147414
1,1,1,0,1,1,1,1,1,0,1,106842
1,1,1,0,0,0,1,1,1,0,1,5620
1,1,1,0,0,1,1,1,1,0,1,23988
0,1,1,0,0,0,1,1,1,1,1,89696
0,1,0,0,0,1,1,1,1,0,1,61217
0,1,0,0,0,1,1,1,1,0,1,84543
1,1,1,0,0,0,1,1,1,0,1,11409
1,1,1,0,0,1,1,1,1,1,1,97049
1,1,1,0,0,1,1,1,1,0,1,72834
1,1,1,0,0,0,1,1,1,1,0,49222
0,1,0,0,0,1,1,1,1,0,1,65681
0,1,1,0,0,0,1,1,1,1,1,106419
1,1,1,0,0,0,1,1,1,1,1,141054
1,1,1,0,1,0,1,1,1,0,0,28840
1,1,1,0,0,0,1,1,1,1,1,6783
1,1,1,0,0,0,1,1,1,1,1,53578
1,1,1,0,0,1,1,1,1,0,1,49431
1,1,1,0,0,0,1,1,1,0,1,110647
1,1,1,0,1,0,1,1,1,1,1,36794
0,1,1,0,0,0,1,1,1,0,1,122943
1,1,1,0,0,1,1,1,1,0,1,16674
0,1,0,0,0,1,1,1,1,0,1,57433
1,1,1,0,0,0,1,1,1,0,1,29361
1,1,1,0,0,1,1,1,1,0,1,10400
0,1,0,0,0,1,1,1,1,0,1,53114
1,1,1,0,0,1,1,1,1,0,1,122976
1,1,1,0,0,1,1,1,1,1,1,122605
1,1,1,0,0,1,1,1,1,1,1,68972
0,1,1,0,0,0,1,1,1,0,1,115475
1,1,1,0,0,1,1,1,1,0,1,39498
1,1,1,0,0,0,1,1,1,0,0,9751
1,1,1,0,0,1,1,1,1,0,1,51497
1,1,1,0,0,1,1,1,1,0,1,127205
1,1,1,0,1,0,1,1,1,1,1,74866
1,1,1,0,0,1,1,1,1,1,1,20794
1,1,1,0,0,1,1,1,1,0,1,64193
1,1,1,0,1,0,1,1,1,0,0,95732
1,1,1,0,0,1,1,1,1,1,1,86372
0,1,1,0,0,0,1,1,1,0,0,100323
1,1,1,0,0,0,1,1,1,0,1,28825
0,1,0,0,0,1,1,1,1,0,0,65677
0,1,1,0,0,0,1,1,1,0,0,65127
0,1,0,0,0,1,1,1,1,0,1,46386
0,1,1,0,0,0,1,1,1,0,1,993
1,1,1,0,0,0,1,1,1,0,1,61989
1,1,1,0,0,1,1,1,1,0,1,85837
1,1,1,0,0,0,1,1,1,1,0,52010
0,1,0,0,0,0,1,1,1,0,1,118050
1,1,1,0,0,1,1,1,1,1,1,91156
1,1,1,0,0,0,1,1,1,0,0,77213
1,1,1,0,0,0,1,1,1,1,1,22557
0,1,0,0,0,1,1,1,1,0,0,46387
0,1,0,0,0,1,1,1,1,0,1,18857
1,1,1,0,0,1,1,1,1,0,1,4018
0,1,0,0,0,1,1,1,1,0,1,54266
1,1,1,0,0,0,1,1,1,1,0,17762
1,1,1,0,1,0,1,1,1,1,1,26507
1,1,1,0,0,1,1,1,1,0,0,45116
1,1,1,0,1,0,1,1,1,0,1,87149
1,1,1,0,0,1,1,1,1,0,0,128170
1,1,1,0,0,0,1,1,1,0,1,49967
1,1,1,0,0,0,1,1,1,1,1,7429
0,1,1,0,0,0,1,1,1,0,0,86914
1,1,1,0,0,0,1,1,1,1,1,129868
1,1,1,0,0,1,1,1,1,0,1,100444
1,1,1,0,1,0,1,1,1,1,0,94807
1,1,1,0,0,1,1,1,1,1,1,97047
1,1,1,0,0,1,1,1,1,0,1,87788
1,1,1,0,0,0,1,1,1,0,0,115909
1,1,1,0,0,1,1,1,1,0,1,26462
1,1,1,0,0,1,1,1,1,0,1,52443
1,1,1,0,0,0,1,1,1,0,0,123463
0,1,1,0,0,0,1,1,1,0,1,12418
1,1,1,0,0,0,1,1,1,0,0,109874
1,1,1,0,0,1,1,1,1,0,1,70727
1,1,1,0,0,1,1,1,1,0,1,25045
1,1,1,0,0,0,1,1,1,0,1,10028
0,1,0,0,0,1,1,1,1,0,1,26558
1,1,1,0,0,0,1,1,1,0,1,123321
1,1,1,0,0,0,1,1,1,0,1,130832
1,1,1,0,1,0,1,1,1,0,0,87151
1,1,1,0,0,0,1,1,1,0,0,89572
1,1,1,0,0,0,1,1,1,0,0,24810
1,1,1,0,0,0,1,1,1,1,0,32422
1,1,1,0,0,0,1,1,1,0,0,11886
1,1,1,0,0,1,1,1,1,0,0,104406
1,1,1,0,0,0,1,1,1,0,1,134498
0,1,0,0,0,0,1,1,1,0,1,92268
1,1,1,0,0,0,1,1,1,1,0,44624
1,1,1,0,0,1,1,1,1,0,1,105001
1,1,1,0,0,1,1,1,1,0,1,133272
1,1,1,0,0,0,1,1,1,1,1,117454
1,1,1,0,0,0,1,1,1,0,1,31225
1,1,1,0,0,0,1,1,1,0,1,21682
0,1,1,0,0,0,1,1,1,1,1,127261
1,1,1,0,0,0,1,1,1,1,1,79666
1,1,1,0,0,1,1,1,1,0,1,6208
1,1,1,0,0,0,1,1,1,1,0,144097
0,1,1,0,0,0,1,1,1,0,0,32386
1,1,1,0,0,1,1,1,1,0,1,28046
1,1,1,0,0,0,1,1,1,0,1,28422
1,1,1,0,0,1,1,1,1,0,1,32561
1,1,1,0,0,0,1,1,1,0,0,23778
1,1,1,0,0,0,1,1,1,1,0,101405
0,1,0,0,0,1,1,1,1,0,1,10350
1,1,1,0,0,1,1,1,1,0,1,58844
1,1,1,0,0,0,1,1,1,0,0,61590
0,1,1,0,0,0,1,1,1,0,1,92937
1,1,1,0,0,1,1,1,1,1,1,39806
1,1,1,0,0,1,1,1,1,1,1,142665
1,1,1,0,0,0,1,1,1,0,1,11703
1,1,1,0,0,0,1,1,1,1,0,132049
0,1,0,0,0,1,1,1,1,0,1,76834
1,1,1,0,0,1,1,1,1,1,1,76557
1,1,1,0,0,1,1,1,1,0,1,102036
1,1,1,0,0,0,1,1,1,0,0,91805
1,1,1,0,0,1,1,1,1,0,0,8782
1,1,1,0,0,1,1,1,1,0,1,81194
0,1,1,0,0,0,1,1,1,0,0,10081
1,1,1,0,0,1,1,1,1,1,1,45256
1,1,1,0,0,1,1,1,1,0,1,53797
1,1,1,0,0,1,1,1,1,1,1,68011
0,1,1,0,0,0,1,1,1,1,0,88277
0,1,1,0,0,0,1,1,1,0,0,136440
1,1,1,0,0,1,1,1,1,0,0,45938
1,1,1,0,1,0,1,1,1,0,0,72797
0,1,0,0,0,1,1,1,1,0,0,15078
1,1,1,0,0,1,1,1,1,0,1,108981
1,1,1,0,0,0,1,1,1,1,1,38402
1,1,1,0,0,1,1,1,1,0,1,140743
1,1,1,0,0,1,1,1,1,0,1,65206
1,1,1,0,0,1,1,1,1,1,0,93862
1,1,1,0,0,1,1,1,1,1,1,94366
1,1,1,0,0,0,1,1,1,0,1,3958
1,1,1,0,1,0,1,1,1,1,1,102541
1,1,1,0,0,1,1,1,1,0,1,25765
1,1,1,0,0,1,1,1,1,0,1,78167
1,1,1,0,1,0,1,1,1,0,1,148985
1,1,1,0,0,0,1,1,1,0,0,13544
1,1,1,0,0,1,1,1,1,0,1,36314
1,1,1,0,0,0,1,1,1,0,0,16375
1,1,1,0,0,1,1,1,1,0,1,80623
0,1,1,0,0,0,1,1,1,0,0,112640
1,1,1,0,0,0,1,1,1,1,1,99870
0,1,0,0,0,1,1,1,1,0,1,96559
1,1,1,0,0,0,1,1,1,0,0,52487
0,1,1,0,0,0,1,1,1,0,1,42803
0,1,0,0,0,1,1,1,1,0,1,3684
1,1,1,0,0,0,1,1,1,1,1,32671
1,1,1,0,0,1,1,1,1,1,1,111399
1,1,1,0,0,0,1,1,1,1,1,107961
1,1,1,0,0,0,1,1,1,0,1,102376
0,1,1,0,0,0,1,1,1,1,0,129371
0,1,1,0,0,0,1,1,1,0,0,142165
1,1,1,0,0,1,1,1,1,0,1,12530
1,1,1,0,0,1,1,1,1,0,1,20029
1,1,1,0,0,0,1,1,1,0,0,94020
1,1,1,0,0,1,1,1,1,0,1,115114
1,1,1,0,0,1,1,1,1,0,1,38653
1,1,1,0,0,1,1,1,1,0,1,37008
0,1,1,0,0,0,1,1,1,0,0,2921
0,1,0,0,0,1,1,1,1,0,1,62755
1,1,1,0,0,1,1,1,1,1,1,112556
1,1,1,0,1,1,1,1,1,0,0,97292
1,1,1,0,0,0,1,1,1,0,1,119502
1,1,1,0,0,0,1,1,1,1,0,10169
1,1,1,0,0,0,1,1,1,1,1,58263
1,1,1,0,0,1,1,1,1,0,1,124773
1,1,1,0,0,0,1,1,1,1,1,34979
1,1,1,0,0,0,1,1,1,0,0,88988
1,1,1,0,0,0,1,1,1,0,1,86127
0,1,0,0,0,0,1,1,1,0,1,72427
1,1,1,0,1,0,1,1,1,1,1,132873
1,1,1,0,0,0,1,1,1,1,1,91908
0,1,0,0,0,1,1,1,1,0,1,45647
1,1,1,0,0,1,1,1,1,0,1,16124
1,1,1,0,0,1,1,1,1,1,1,92749
1,1,1,0,0,0,1,1,1,1,1,96491
1,1,1,0,0,0,1,1,1,0,0,101548
1,1,1,0,0,0,1,1,1,0,0,16186
0,1,1,0,0,0,1,1,1,1,1,98574
1,1,1,0,0,1,1,1,1,0,1,128797
0,1,1,0,0,0,1,1,1,0,0,142168
1,1,1,0,0,0,1,1,1,0,1,23642
1,1,1,0,1,0,1,1,1,0,1,90832
0,1,1,0,0,0,1,1,1,0,0,34595
1,1,1,0,0,0,1,1,1,1,1,97115
1,1,1,0,0,1,1,1,1,0,1,147450
0,1,0,0,0,1,1,1,1,0,1,15313
1,1,1,0,0,1,1,1,1,0,1,7335
1,1,1,0,0,0,1,1,1,1,1,58594
1,1,1,0,1,1,1,1,1,0,1,125075
1,1,1,0,0,1,1,1,1,0,1,70343
1,1,1,0,0,0,1,1,1,1,1,58261
1,1,1,0,0,0,1,1,1,1,0,64154
1,1,1,0,0,1,1,1,1,1,1,107158
1,1,1,0,0,1,1,1,1,0,1,73470
1,1,1,0,0,0,1,1,1,0,1,63209
1,1,1,0,0,1,1,1,1,1,1,121378
1,1,1,0,1,0,1,1,1,0,0,58853
0,1,1,0,0,0,1,1,1,0,0,109640
1,1,1,0,1,0,1,1,1,1,1,61208
0,1,0,0,0,0,1,1,1,0,1,123517
1,1,1,0,0,0,1,1,1,1,0,17755
1,1,1,0,0,1,1,1,1,0,1,19974
1,1,1,0,0,0,1,1,1,1,1,24033
1,1,1,0,0,1,1,1,1,1,1,111598
1,1,1,0,0,0,1,1,1,1,0,14375
1,1,1,0,0,1,1,1,1,0,1,28041
1,1,1,0,0,0,1,1,1,0,1,66517
1,1,1,0,0,0,1,1,1,1,1,87888
1,1,1,0,0,1,1,1,1,0,1,104428
1,1,1,0,1,0,1,1,1,1,1,84331
1,1,1,0,0,0,1,1,1,1,1,99572
1,1,1,0,0,1,1,1,1,0,1,92299
0,1,0,0,0,0,1,1,1,0,0,105832
0,1,0,0,0,0,1,1,1,0,0,74001
1,1,1,0,0,0,1,1,1,1,0,144094
1,1,1,0,0,0,1,1,1,1,1,33373
1,1,1,0,0,1,1,1,1,0,1,13165
1,1,1,0,1,0,1,1,1,1,1,68392
1,1,1,0,0,0,1,1,1,0,0,53628
1,1,1,0,0,1,1,1,1,1,1,90522
1,1,1,0,0,0,1,1,1,1,1,13038
1,1,1,0,0,0,1,1,1,0,0,95276
1,1,1,0,0,1,1,1,1,0,0,5323
0,1,0,0,0,1,1,1,1,0,1,22227
1,1,1,0,0,1,1,1,1,0,1,80226
1,1,1,0,0,1,1,1,1,0,1,68717
1,1,1,0,0,1,1,1,1,1,1,102344
1,1,1,0,0,0,1,1,1,1,0,120969
1,1,1,0,0,0,1,1,1,0,0,87682
1,1,1,0,0,0,1,1,1,0,1,125370
0,1,1,0,0,0,1,1,1,0,0,125137
1,1,1,0,0,1,1,1,1,0,1,24788
1,1,1,0,1,0,1,1,1,0,1,80388
1,1,1,0,0,0,1,1,1,1,1,6784
1,1,1,0,0,0,1,1,1,1,1,6787
1,1,1,0,1,1,1,1,1,0,1,48307
0,1,1,0,0,0,1,1,1,1,1,147355
1,1,1,0,0,0,1,1,1,0,0,121680
1,1,1,0,0,1,1,1,1,0,1,78985
1,1,1,0,0,0,1,1,1,1,1,8051
1,1,1,0,1,0,1,1,1,0,0,103208
0,1,1,0,0,0,1,1,1,1,1,130259
0,1,1,0,0,0,1,1,1,1,1,93545
1,1,1,0,0,0,1,1,1,0,0,121025
0,1,1,0,0,0,1,1,1,0,0,139653
0,1,1,0,0,0,1,1,1,0,1,124581
0,1,1,0,0,0,1,1,1,0,0,107046
1,1,1,0,0,1,1,1,1,0,1,97662
1,1,1,0,1,0,1,1,1,0,1,77537
1,1,1,0,0,1,1,1,1,1,1,36258
1,1,1,0,0,0,1,1,1,0,1,20569
0,1,1,0,0,0,1,1,1,1,1,127260
1,1,1,0,1,0,1,1,1,0,0,84940
1,1,1,0,1,1,1,1,1,0,0,43646
1,1,1,0,0,0,1,1,1,0,0,5253
1,1,1,0,0,1,1,1,1,0,1,45164
0,1,0,0,0,1,1,1,1,0,1,61223
1,1,1,0,0,0,1,1,1,0,1,28827
1,1,1,0,0,1,1,1,1,0,1,39109
1,1,1,0,1,1,1,1,1,0,1,43639
0,1,1,0,0,0,1,1,1,0,1,32393
1,1,1,0,0,0,1,1,1,0,1,8777
1,1,1,0,0,0,1,1,1,0,1,15092
1,1,1,0,0,0,1,1,1,1,1,48577
1,1,1,0,1,0,1,1,1,0,1,91080
1,1,1,0,1,1,1,1,1,0,1,125071
1,1,1,0,1,1,1,1,1,0,1,47422
1,1,1,0,0,0,1,1,1,1,1,132051
1,1,1,0,0,0,1,1,1,0,1,137788
1,1,1,0,0,0,1,1,1,0,0,16809
0,1,1,0,0,0,1,1,1,0,0,116735
1,1,1,0,0,1,1,1,1,1,1,54329
1,1,1,0,1,0,1,1,1,0,1,93737
0,1,1,0,0,1,1,1,1,1,1,94718
1,1,1,0,0,0,1,1,1,0,1,24328
1,1,1,0,0,0,1,1,1,0,0,19513
1,1,1,0,0,0,1,1,1,0,0,35626
1,1,1,0,0,0,1,1,1,1,1,67359
1,1,1,0,0,1,1,1,1,1,1,66268
1,1,1,0,0,0,1,1,1,1,0,11091
0,1,1,0,0,0,1,1,1,0,0,80288
1,1,1,0,0,0,1,1,1,0,0,12647
1,1,1,0,1,0,1,1,1,0,1,72788
1,1,1,0,0,1,1,1,1,0,1,26613
1,1,1,0,0,0,1,1,1,1,1,45685
1,1,1,0,0,0,1,1,1,0,1,3997
1,1,1,0,0,1,1,1,1,1,1,108332
0,1,0,0,0,1,1,1,1,0,0,5650
1,1,1,0,0,1,1,1,1,1,1,127297
0,1,0,0,0,1,1,1,1,0,1,2023
1,1,1,0,0,0,1,1,1,0,1,100070
1,1,1,0,1,1,1,1,1,0,1,86908
1,1,1,0,0,0,1,1,1,1,1,100258
1,1,1,0,0,0,1,1,1,0,1,535
1,1,1,0,0,0,1,1,1,0,0,54410
0,1,1,0,0,0,1,1,1,0,0,50529
0,1,1,0,0,1,1,1,1,0,1,117142
1,1,1,0,0,1,1,1,1,1,1,102522
1,1,1,0,1,0,1,1,1,0,0,53187
0,1,0,0,0,1,1,1,1,0,1,122370
1,1,1,0,0,1,1,1,1,1,1,40759
1,1,1,0,1,1,1,1,1,0,0,92949
1,1,1,0,0,0,1,1,1,1,1,95869
1,1,1,0,0,0,1,1,1,0,0,59759
1,1,1,0,0,0,1,1,1,0,1,16618
1,1,1,0,1,0,1,1,1,0,0,37110
0,1,1,0,0,0,1,1,1,0,0,43970
0,1,0,0,0,1,1,1,1,0,0,24179
1,1,1,0,0,1,1,1,1,0,1,78116
1,1,1,0,0,1,1,1,1,0,1,87806
1,1,1,0,0,0,1,1,1,1,1,92993
1,1,1,0,0,1,1,1,1,0,1,68354
1,1,1,0,0,0,1,1,1,1,1,121068
1,1,1,0,0,0,1,1,1,0,1,54335
1,1,1,0,0,0,1,1,1,0,1,53302
1,1,1,0,0,0,1,1,1,0,0,35266
1,1,1,0,1,1,1,1,1,0,1,146961
1,1,1,0,0,0,1,1,1,0,0,122391
1,1,1,0,1,0,1,1,1,1,1,116406
1,1,1,0,0,1,1,1,1,0,1,28556
1,1,1,0,0,1,1,1,1,1,1,105684
1,1,1,0,0,1,1,1,1,1,1,139757
1,1,1,0,0,1,1,1,1,0,1,13989
1,1,1,0,0,1,1,1,1,0,1,36317
1,1,1,0,0,1,1,1,1,1,1,126287
0,1,0,0,0,1,1,1,1,0,1,53116
1,1,1,0,1,0,1,1,1,1,1,61333
1,1,1,0,0,0,1,1,1,0,0,109552
1,1,1,0,0,0,1,1,1,0,1,16616
0,1,0,0,0,1,1,1,1,0,1,89898
1,1,1,0,0,0,1,1,1,0,0,35258
1,1,1,0,0,0,1,1,1,0,1,92183
0,1,1,0,0,0,1,1,1,0,1,44048
1,1,1,0,0,1,1,1,1,1,1,102821
1,1,1,0,0,1,1,1,1,0,1,16937
1,1,1,0,0,1,1,1,1,0,1,122462
0,1,0,0,0,1,1,1,1,0,1,34356
1,1,1,0,0,0,1,1,1,1,0,120976
1,1,1,0,0,0,1,1,1,1,1,141056
1,1,1,0,1,0,1,1,1,1,0,94801
1,1,1,0,1,0,1,1,1,1,1,84329
1,1,1,0,1,0,1,1,1,1,0,132201
0,1,1,0,0,0,1,1,1,0,1,130959
1,1,1,0,0,1,1,1,1,0,0,27324
1,1,1,0,0,1,1,1,1,0,0,64250
0,1,0,0,0,1,1,1,1,0,1,32074
1,1,1,0,0,0,1,1,1,0,0,28666
1,1,1,0,0,0,1,1,1,0,0,34455
1,1,1,0,0,1,1,1,1,0,1,94559
1,1,1,0,0,0,1,1,1,0,0,143515
1,1,1,0,0,1,1,1,1,0,1,49132
1,1,1,0,0,1,1,1,1,0,1,58401
1,1,1,0,0,1,1,1,1,0,0,24786
1,1,1,0,0,1,1,1,1,0,1,21627
0,1,0,0,0,0,1,1,1,0,1,58178
0,1,1,0,0,0,1,1,1,0,1,133421
1,1,1,0,0,1,1,1,1,1,1,127191
1,1,1,0,0,1,1,1,1,1,1,114855
1,1,1,0,0,1,1,1,1,0,1,42778
1,1,1,0,0,1,1,1,1,1,1,122746
1,1,1,0,0,1,1,1,1,0,1,70341
1,1,1,0,0,1,1,1,1,0,1,140005
1,1,1,0,0,1,1,1,1,0,1,38982
1,1,1,0,0,0,1,1,1,0,1,135758
1,1,1,0,0,1,1,1,1,0,1,139073
1,1,1,0,0,0,1,1,1,0,1,19273
0,1,1,0,0,0,1,1,1,0,0,53823
0,1,0,0,0,1,1,1,1,0,1,30139
1,1,1,0,0,1,1,1,1,0,1,17178
0,1,1,0,0,0,1,1,1,0,0,85235
1,1,1,0,0,1,1,1,1,0,1,13512
0,1,1,0,0,0,1,1,1,0,1,34589
1,1,1,0,0,0,1,1,1,1,1,28936
1,1,1,0,0,1,1,1,1,0,1,58959
1,1,1,0,0,1,1,1,1,1,1,111401
1,1,1,0,0,0,1,1,1,0,0,14169
1,1,1,0,1,0,1,1,1,0,1,109626
1,1,1,0,0,0,1,1,1,1,1,67064
0,1,0,0,0,1,1,1,1,0,1,14899
1,1,1,0,1,0,1,1,1,0,0,105620
1,1,1,0,0,0,1,1,1,0,0,111786
1,1,1,0,0,0,1,1,1,0,1,10599
1,1,1,0,1,0,1,1,1,1,1,61326
1,1,1,0,0,0,1,1,1,1,1,66649
1,1,1,0,1,0,1,1,1,0,0,56304
1,1,1,0,0,1,1,1,1,0,1,92385
1,1,1,0,0,1,1,1,1,1,1,66928
1,1,1,0,0,0,1,1,1,0,0,121678
1,1,1,0,0,1,1,1,1,0,1,16673
0,1,0,0,0,0,1,1,1,0,0,8681
1,1,1,0,0,1,1,1,1,0,1,100551
1,1,1,0,1,0,1,1,1,1,1,76964
1,1,1,0,0,0,1,1,1,0,0,42468
1,1,1,0,0,0,1,1,1,0,0,34613
0,1,0,0,0,1,1,1,1,0,1,12423
0,1,0,0,0,1,1,1,1,0,1,102118
1,1,1,0,0,0,1,1,1,0,0,89944
1,1,1,0,0,1,1,1,1,0,1,104408
0,1,0,0,0,1,1,1,1,0,1,54821
1,1,1,0,0,1,1,1,1,0,1,92483
1,1,1,0,0,1,1,1,1,0,1,10062
1,1,1,0,0,0,1,1,1,0,1,7656
1,1,1,0,0,1,1,1,1,0,1,64186
